[
    {
        "id": 1,
        "priority": 1,
        "action": {
            "type": "modifyHeaders",
            "responseHeaders": [
                {
                    "header": "x-frame-options",
                    "operation": "remove"
                },
                {
                    "header": "content-security-policy",
                    "operation": "remove"
                }
            ]
        },
        "condition": {
            "urlFilter": "chatgpt.com",
            "resourceTypes": [
                "sub_frame",
                "main_frame"
            ]
        }
    },
    {
        "id": 2,
        "priority": 1,
        "action": {
            "type": "modifyHeaders",
            "responseHeaders": [
                {
                    "header": "x-frame-options",
                    "operation": "remove"
                },
                {
                    "header": "content-security-policy",
                    "operation": "remove"
                }
            ]
        },
        "condition": {
            "urlFilter": "openai.com",
            "resourceTypes": [
                "sub_frame",
                "main_frame"
            ]
        }
    },
    {
        "id": 3,
        "priority": 1,
        "action": {
            "type": "modifyHeaders",
            "responseHeaders": [
                {
                    "header": "x-frame-options",
                    "operation": "remove"
                },
                {
                    "header": "frame-options",
                    "operation": "remove"
                },
                {
                    "header": "content-security-policy",
                    "operation": "remove"
                }
            ]
        },
        "condition": {
            "urlFilter": "gemini.google.com",
            "resourceTypes": [
                "sub_frame",
                "main_frame"
            ]
        }
    },
    {
        "id": 4,
        "priority": 1,
        "action": {
            "type": "modifyHeaders",
            "responseHeaders": [
                {
                    "header": "x-frame-options",
                    "operation": "remove"
                },
                {
                    "header": "content-security-policy",
                    "operation": "remove"
                }
            ]
        },
        "condition": {
            "urlFilter": "grok.com",
            "resourceTypes": [
                "sub_frame",
                "main_frame"
            ]
        }
    },
    {
        "id": 5,
        "priority": 1,
        "action": {
            "type": "modifyHeaders",
            "responseHeaders": [
                {
                    "header": "x-frame-options",
                    "operation": "remove"
                },
                {
                    "header": "frame-options",
                    "operation": "remove"
                },
                {
                    "header": "content-security-policy",
                    "operation": "remove"
                }
            ]
        },
        "condition": {
            "urlFilter": "accounts.google.com",
            "resourceTypes": [
                "sub_frame",
                "main_frame"
            ]
        }
    },
    {
        "id": 6,
        "priority": 1,
        "action": {
            "type": "modifyHeaders",
            "responseHeaders": [
                {
                    "header": "x-frame-options",
                    "operation": "remove"
                },
                {
                    "header": "frame-options",
                    "operation": "remove"
                },
                {
                    "header": "content-security-policy",
                    "operation": "remove"
                }
            ]
        },
        "condition": {
            "urlFilter": "myaccount.google.com",
            "resourceTypes": [
                "sub_frame",
                "main_frame"
            ]
        }
    },
    {
        "id": 7,
        "priority": 1,
        "action": {
            "type": "modifyHeaders",
            "responseHeaders": [
                {
                    "header": "x-frame-options",
                    "operation": "remove"
                },
                {
                    "header": "frame-options",
                    "operation": "remove"
                },
                {
                    "header": "content-security-policy",
                    "operation": "remove"
                }
            ]
        },
        "condition": {
            "urlFilter": "google.com",
            "resourceTypes": [
                "sub_frame",
                "main_frame"
            ]
        }
    }
]